"Table 080-0020 Retail trade, sales by the North American Industry Classification System (NAICS), monthly (dollars x 1,000)(2,3,4,5,6)"
Survey or program details:
Retail Trade Survey (Monthly) - 2406
Monthly Retail Trade Survey (Department Store Organizations) - 2408
Geography,North American Industry Classification System (NAICS),Adjustments,Jan-2000,Feb-2000,Mar-2000,Apr-2000,May-2000,Jun-2000,Jul-2000,Aug-2000,Sep-2000,Oct-2000,Nov-2000,Dec-2000,Jan-2001,Feb-2001,Mar-2001,Apr-2001,May-2001,Jun-2001,Jul-2001,Aug-2001,Sep-2001,Oct-2001,Nov-2001,Dec-2001,Jan-2002,Feb-2002,Mar-2002,Apr-2002,May-2002,Jun-2002,Jul-2002,Aug-2002,Sep-2002,Oct-2002,Nov-2002,Dec-2002,Jan-2003,Feb-2003,Mar-2003,Apr-2003,May-2003,Jun-2003,Jul-2003,Aug-2003,Sep-2003,Oct-2003,Nov-2003,Dec-2003,Jan-2004,Feb-2004,Mar-2004,Apr-2004,May-2004,Jun-2004,Jul-2004,Aug-2004,Sep-2004,Oct-2004,Nov-2004,Dec-2004,Jan-2005,Feb-2005,Mar-2005,Apr-2005,May-2005,Jun-2005,Jul-2005,Aug-2005,Sep-2005,Oct-2005,Nov-2005,Dec-2005,Jan-2006,Feb-2006,Mar-2006,Apr-2006,May-2006,Jun-2006,Jul-2006,Aug-2006,Sep-2006,Oct-2006,Nov-2006,Dec-2006,Jan-2007,Feb-2007,Mar-2007,Apr-2007,May-2007,Jun-2007,Jul-2007,Aug-2007,Sep-2007,Oct-2007,Nov-2007,Dec-2007,Jan-2008,Feb-2008,Mar-2008,Apr-2008,May-2008,Jun-2008,Jul-2008,Aug-2008,Sep-2008,Oct-2008,Nov-2008,Dec-2008,Jan-2009,Feb-2009,Mar-2009,Apr-2009,May-2009,Jun-2009,Jul-2009,Aug-2009,Sep-2009,Oct-2009,Nov-2009,Dec-2009,Jan-2010,Feb-2010,Mar-2010,Apr-2010,May-2010,Jun-2010,Jul-2010,Aug-2010,Sep-2010,Oct-2010,Nov-2010,Dec-2010,Jan-2011,Feb-2011,Mar-2011,Apr-2011,May-2011,Jun-2011,Jul-2011,Aug-2011,Sep-2011,Oct-2011,Nov-2011,Dec-2011,Jan-2012,Feb-2012,Mar-2012,Apr-2012,May-2012,Jun-2012,Jul-2012,Aug-2012,Sep-2012,Oct-2012,Nov-2012,Dec-2012,Jan-2013,Feb-2013,Mar-2013,Apr-2013,May-2013,Jun-2013,Jul-2013,Aug-2013,Sep-2013,Oct-2013,Nov-2013,Dec-2013,Jan-2014,Feb-2014,Mar-2014,Apr-2014,May-2014,Jun-2014,Jul-2014,Aug-2014,Sep-2014,Oct-2014,Nov-2014,Dec-2014,Jan-2015,Feb-2015,Mar-2015,Apr-2015,May-2015,Jun-2015,Jul-2015
Canada,Retail trade [44-45] ,Unadjusted,19324692,19140440,22918829,22914155,25659687,25945400,24821347,25102965,24710257,23687124,24556357,29057176,20607642,19444855,23652255,24370700,27585889,27243919,25507932,26322941,24263969,24917747,26048646,30481412,22361219,20787209,24642692,26405170,29087583,28363263,27912328,28202300,26054411,27131743,27276942,31300554,23301871,21980804,25468203,27059495,30417563,28912102,29492832,29102135,27467571,28223631,27391422,32325789,23778728,23008594,26967793,28592026,30479247,30711705,30898334,29535183,29245397,29445711,29232659,34561103,24498615,24028226,28600602,30600811,31948565,32967426,32620077,32025283,30914826,30241532,30828069,36726743,25993203,25128165,30760061,32106585,34894460,35049112,34341547,35045180,33056559,31830349,32663281,38605976,27777968,26548520,32818504,33621240,38434319,37555708,35635889,36978090,34057842,34070363,35091406,40006665,30525699,29418898,32925876,36272111,39778972,37842321,38632038,37775417,36138751,36158245,34230901,38256712,29192654,26804723,31356949,33942769,37316515,36865690,37191480,36049418,35537357,36133694,34354756,40969765,30668321,28632551,34967182,36469949,38424455,38973462,38932294,37395330,36923390,37014326,37408825,43147947,31191594,29797949,36099866,38035760,40046516,40839556,39832282,39541248,38877263,38203872,39174736,45089701,32361808,32087072,37933733,37775805,42584571,41789242,40130908,41321526,39069513,39487597,40095933,43489091,33574671,31636843,37561378,39401295,44577490,42169145,42417829,43237460,40170270,41560987,41893714,44796794,34980327,32905708,38460091,41809373,46379543,44178750,45285331,44359733,43017529,43775478,42968326,46887481,35384283,33440812,39534738,42546027,46911265,45768152,46448588
Canada,Retail trade [44-45] ,Seasonally adjusted,23434451,23378327,23813646,23537859,23644020,23841011,24204193,24266358,24495699,24330740,24373656,24518477,24640517,24477976,24583988,24944482,25143416,25190078,24813831,25017925,24703734,25149772,25657476,26124705,26496729,26105990,26072633,26657565,26165998,26768924,26620588,26767279,26620259,27061844,27015215,27172388,27137545,27622538,27275170,27176306,27484615,27569750,27707861,28020755,27841344,27825024,27777531,27704978,27935993,28719948,28689514,28254086,28554094,28550528,28616168,28836665,29243662,29561177,29901036,29593609,29888781,30460620,30006264,29940271,29935878,30590992,30800241,30647393,30600008,30887481,31012789,31230056,31747679,31744450,31871717,32354405,32048264,32242363,33040218,33007575,32492838,32595465,32814138,33515367,33221023,33466188,33910296,34385868,34789277,34436278,34430726,34725483,34341226,34305870,34958995,35625285,35933156,35526909,35530142,35914167,36006888,36400129,36403867,36137537,36390521,35747571,34661690,33303365,33747849,33869426,33894022,33930673,34345160,34735113,34755444,35039739,35239195,35330869,35250896,35577384,36080033,36051781,37001843,36148495,36041318,36350588,36295314,36515170,36632898,36879707,37568029,37392857,37392259,37437926,37617167,37755408,37723958,38228307,37925826,37976798,38181654,38623692,38779553,39087795,39068876,38941521,39178610,38906105,38774246,38797884,38900925,38917668,39083285,39202503,39314083,39041093,39467323,39673155,39730603,39624180,40336989,40078110,40427993,40612438,40801594,40688574,40929477,40627441,40987122,41196102,41195582,41766311,41840181,42591017,42585330,42418849,42798575,42618991,42885738,42123870,41523405,42184063,42585129,42564252,42954413,43127546,43392614
Footnotes:
2,The total for retail trade excludes North American Industry Classification System (NAICS) 454.
3,"This CANSIM table replaces terminated table 80-0014, 80-0015 and 80-0017."
4,"Quality indicator: Code A=Excellent. Code B=Very good. Code C=Good. Code D=Acceptable. Code E=Poor, use with caution. Code F=Unreliable (data not published)."
5,"Data for Northwest Territories includes Nunavut, from 1991-01 to 1998-12."
6,"In April 2013, data from 2004 onwards will be based on the 2012 North American Industry Classification System (NAICS). Data prior to 2004 will continue to be based on the 2007 North American Industry Classification System (NAICS)."
Source:
"Statistics Canada. Table 080-0020 - Retail trade, sales by the North American Industry Classification System (NAICS), monthly (dollars)"
"(accessed: November 12, 2015)"
